period,dual_agent,put,advantage,market_return
Bull Market 2023-24 (SPY),2.97705078125,-7.0,9.97705078125,55.368893
AI Bull Run (NVDA),3.62720703125,-7.0,10.62720703125,467.8002
